-- MySQL Script generated by MySQL Workbench
-- Ср 16 дек 2020 12:13:17
-- Model: New Model    Version: 1.0
-- MySQL Workbench Forward Engineering

SET @OLD_UNIQUE_CHECKS=@@UNIQUE_CHECKS, UNIQUE_CHECKS=0;
SET @OLD_FOREIGN_KEY_CHECKS=@@FOREIGN_KEY_CHECKS, FOREIGN_KEY_CHECKS=0;
SET @OLD_SQL_MODE=@@SQL_MODE, SQL_MODE='ONLY_FULL_GROUP_BY,STRICT_TRANS_TABLES,NO_ZERO_IN_DATE,NO_ZERO_DATE,ERROR_FOR_DIVISION_BY_ZERO,NO_ENGINE_SUBSTITUTION';

-- -----------------------------------------------------
-- Schema mydb
-- -----------------------------------------------------

-- -----------------------------------------------------
-- Schema mydb
-- -----------------------------------------------------
CREATE SCHEMA IF NOT EXISTS `mydb` DEFAULT CHARACTER SET utf8 ;
USE `mydb` ;

-- -----------------------------------------------------
-- Table `mydb`.`Автор`
-- -----------------------------------------------------
CREATE TABLE IF NOT EXISTS `mydb`.`Автор` (
  `idАвтор` INT(11) NOT NULL AUTO_INCREMENT,
  `ФИО` VARCHAR(45) NOT NULL,
  PRIMARY KEY (`idАвтор`),
  UNIQUE INDEX `ФИО_UNIQUE` (`ФИО` ASC) VISIBLE)
ENGINE = InnoDB
DEFAULT CHARACTER SET = latin1;


-- -----------------------------------------------------
-- Table `mydb`.`Факультет`
-- -----------------------------------------------------
CREATE TABLE IF NOT EXISTS `mydb`.`Факультет` (
  `idФакультета` INT(11) NOT NULL AUTO_INCREMENT,
  `Название` VARCHAR(45) NOT NULL,
  PRIMARY KEY (`idФакультета`))
ENGINE = InnoDB
DEFAULT CHARACTER SET = latin1;


-- -----------------------------------------------------
-- Table `mydb`.`Кафедра`
-- -----------------------------------------------------
CREATE TABLE IF NOT EXISTS `mydb`.`Кафедра` (
  `idКафедры` INT(11) NOT NULL AUTO_INCREMENT,
  `Название` VARCHAR(45) NOT NULL,
  `idФакультета` INT(11) NOT NULL,
  PRIMARY KEY (`idКафедры`),
  INDEX `fk_Кафедра_1_idx` (`idФакультета` ASC) VISIBLE,
  CONSTRAINT `fk_Кафедра_1`
    FOREIGN KEY (`idФакультета`)
    REFERENCES `mydb`.`Факультет` (`idФакультета`)
    ON DELETE NO ACTION
    ON UPDATE NO ACTION)
ENGINE = InnoDB
DEFAULT CHARACTER SET = latin1;


-- -----------------------------------------------------
-- Table `mydb`.`Группа`
-- -----------------------------------------------------
CREATE TABLE IF NOT EXISTS `mydb`.`Группа` (
  `idГруппы` INT(11) NOT NULL AUTO_INCREMENT,
  `Название` VARCHAR(45) NOT NULL,
  `idКафедры` INT(11) NOT NULL,
  PRIMARY KEY (`idГруппы`),
  INDEX `fk_Группа_1_idx` (`idКафедры` ASC) VISIBLE,
  CONSTRAINT `fk_Группа_1`
    FOREIGN KEY (`idКафедры`)
    REFERENCES `mydb`.`Кафедра` (`idКафедры`)
    ON DELETE NO ACTION
    ON UPDATE NO ACTION)
ENGINE = InnoDB
DEFAULT CHARACTER SET = latin1;


-- -----------------------------------------------------
-- Table `mydb`.`Издальтество`
-- -----------------------------------------------------
CREATE TABLE IF NOT EXISTS `mydb`.`Издальтество` (
  `idИздальтества` INT(11) NOT NULL AUTO_INCREMENT,
  `Название` VARCHAR(45) NOT NULL,
  PRIMARY KEY (`idИздальтества`),
  UNIQUE INDEX `Название_UNIQUE` (`Название` ASC) VISIBLE)
ENGINE = InnoDB
DEFAULT CHARACTER SET = latin1;


-- -----------------------------------------------------
-- Table `mydb`.`Книга`
-- -----------------------------------------------------
CREATE TABLE IF NOT EXISTS `mydb`.`Книга` (
  `idКниги` INT(11) NOT NULL,
  `Название` VARCHAR(45) NOT NULL,
  `Описание` VARCHAR(45) NOT NULL,
  `Год издания` DATE NOT NULL,
  `Цена` DOUBLE NOT NULL,
  `Кол-во` INT(11) NOT NULL,
  `idАвтора` INT(11) NOT NULL,
  `idИздательства` INT(11) NOT NULL,
  PRIMARY KEY (`idКниги`),
  INDEX `fk_Книга_1_idx` (`idАвтора` ASC) VISIBLE,
  INDEX `fk_Книга_2_idx` (`idИздательства` ASC) VISIBLE,
  UNIQUE INDEX `idКниги_UNIQUE` (`idКниги` ASC) VISIBLE,
  CONSTRAINT `fk_Книга_1`
    FOREIGN KEY (`idАвтора`)
    REFERENCES `mydb`.`Автор` (`idАвтор`)
    ON DELETE NO ACTION
    ON UPDATE NO ACTION,
  CONSTRAINT `fk_Книга_2`
    FOREIGN KEY (`idИздательства`)
    REFERENCES `mydb`.`Издальтество` (`idИздальтества`)
    ON DELETE NO ACTION
    ON UPDATE NO ACTION)
ENGINE = InnoDB
DEFAULT CHARACTER SET = latin1;


-- -----------------------------------------------------
-- Table `mydb`.`Получатель`
-- -----------------------------------------------------
CREATE TABLE IF NOT EXISTS `mydb`.`Получатель` (
  `idПолучателя` INT NOT NULL AUTO_INCREMENT,
  `ФИО` VARCHAR(45) NOT NULL,
  `Адрес` VARCHAR(45) NULL,
  `Телефон` VARCHAR(45) NULL,
  PRIMARY KEY (`idПолучателя`))
ENGINE = InnoDB;


-- -----------------------------------------------------
-- Table `mydb`.`Преподаватель`
-- -----------------------------------------------------
CREATE TABLE IF NOT EXISTS `mydb`.`Преподаватель` (
  `idПолучателя` INT(11) NOT NULL AUTO_INCREMENT,
  `idКафедры` INT(11) NOT NULL,
  INDEX `fk_Преподаватель_1_idx` (`idКафедры` ASC) VISIBLE,
  INDEX `fk_Преподаватель_1_idx1` (`idПолучателя` ASC) VISIBLE,
  CONSTRAINT `fk_Преподаватель_2`
    FOREIGN KEY (`idКафедры`)
    REFERENCES `mydb`.`Кафедра` (`idКафедры`)
    ON DELETE NO ACTION
    ON UPDATE NO ACTION,
  CONSTRAINT `fk_Преподаватель_1`
    FOREIGN KEY (`idПолучателя`)
    REFERENCES `mydb`.`Получатель` (`idПолучателя`)
    ON DELETE NO ACTION
    ON UPDATE NO ACTION)
ENGINE = InnoDB
DEFAULT CHARACTER SET = latin1;


-- -----------------------------------------------------
-- Table `mydb`.`Студент`
-- -----------------------------------------------------
CREATE TABLE IF NOT EXISTS `mydb`.`Студент` (
  `idПолучателя` INT(11) NOT NULL,
  `idГруппы` INT(11) NOT NULL,
  INDEX `fk_Студент_1_idx` (`idГруппы` ASC) VISIBLE,
  INDEX `fk_Студент_1_idx1` (`idПолучателя` ASC) VISIBLE,
  CONSTRAINT `fk_Студент_2`
    FOREIGN KEY (`idГруппы`)
    REFERENCES `mydb`.`Группа` (`idГруппы`)
    ON DELETE NO ACTION
    ON UPDATE NO ACTION,
  CONSTRAINT `fk_Студент_1`
    FOREIGN KEY (`idПолучателя`)
    REFERENCES `mydb`.`Получатель` (`idПолучателя`)
    ON DELETE NO ACTION
    ON UPDATE NO ACTION)
ENGINE = InnoDB
DEFAULT CHARACTER SET = latin1;


-- -----------------------------------------------------
-- Table `mydb`.`Тип`
-- -----------------------------------------------------
CREATE TABLE IF NOT EXISTS `mydb`.`Тип` (
  `idТипа` INT(11) NOT NULL AUTO_INCREMENT,
  `Название` VARCHAR(45) NOT NULL,
  PRIMARY KEY (`idТипа`))
ENGINE = InnoDB
DEFAULT CHARACTER SET = latin1;


-- -----------------------------------------------------
-- Table `mydb`.`Тема`
-- -----------------------------------------------------
CREATE TABLE IF NOT EXISTS `mydb`.`Тема` (
  `idТемы` INT(11) NOT NULL,
  `Название` VARCHAR(45) NOT NULL,
  `idТипа` INT(11) NOT NULL,
  PRIMARY KEY (`idТемы`),
  INDEX `fk_Тема_1_idx` (`idТипа` ASC) VISIBLE,
  CONSTRAINT `fk_Тема_1`
    FOREIGN KEY (`idТипа`)
    REFERENCES `mydb`.`Тип` (`idТипа`)
    ON DELETE NO ACTION
    ON UPDATE NO ACTION)
ENGINE = InnoDB
DEFAULT CHARACTER SET = latin1;


-- -----------------------------------------------------
-- Table `mydb`.`Выдача`
-- -----------------------------------------------------
CREATE TABLE IF NOT EXISTS `mydb`.`Выдача` (
  `idВыдачи` INT NOT NULL AUTO_INCREMENT,
  `Дата_выдачи` DATE NOT NULL,
  `Дата_сдачи` DATE NOT NULL,
  `Признак_возврата` TINYINT NOT NULL DEFAULT 0,
  `Кол-во` INT NOT NULL,
  `idПолучателя` INT NOT NULL,
  PRIMARY KEY (`idВыдачи`),
  INDEX `fk_Выдача_1_idx` (`idПолучателя` ASC) VISIBLE,
  CONSTRAINT `fk_Выдача_1`
    FOREIGN KEY (`idПолучателя`)
    REFERENCES `mydb`.`Получатель` (`idПолучателя`)
    ON DELETE NO ACTION
    ON UPDATE NO ACTION)
ENGINE = InnoDB;


-- -----------------------------------------------------
-- Table `mydb`.`Список_книг`
-- -----------------------------------------------------
CREATE TABLE IF NOT EXISTS `mydb`.`Список_книг` (
  `idВыдачи` INT NOT NULL,
  `idКниги` INT NOT NULL,
  INDEX `fk_Список_книг_2_idx` (`idКниги` ASC) VISIBLE,
  INDEX `fk_Список_книг_2_idx1` (`idВыдачи` ASC) VISIBLE,
  CONSTRAINT `fk_Список_книг_1`
    FOREIGN KEY (`idКниги`)
    REFERENCES `mydb`.`Книга` (`idКниги`)
    ON DELETE NO ACTION
    ON UPDATE NO ACTION,
  CONSTRAINT `fk_Список_книг_2`
    FOREIGN KEY (`idВыдачи`)
    REFERENCES `mydb`.`Выдача` (`idВыдачи`)
    ON DELETE NO ACTION
    ON UPDATE NO ACTION)
ENGINE = InnoDB;


-- -----------------------------------------------------
-- Table `mydb`.`Список_тем`
-- -----------------------------------------------------
CREATE TABLE IF NOT EXISTS `mydb`.`Список_тем` (
  `idКниги` INT NOT NULL,
  `idТемы` INT NOT NULL,
  INDEX `fk_Список_тем_1_idx` (`idКниги` ASC) VISIBLE,
  INDEX `fk_Список_тем_2_idx` (`idТемы` ASC) VISIBLE,
  CONSTRAINT `fk_Список_тем_1`
    FOREIGN KEY (`idКниги`)
    REFERENCES `mydb`.`Книга` (`idКниги`)
    ON DELETE NO ACTION
    ON UPDATE NO ACTION,
  CONSTRAINT `fk_Список_тем_2`
    FOREIGN KEY (`idТемы`)
    REFERENCES `mydb`.`Тема` (`idТемы`)
    ON DELETE NO ACTION
    ON UPDATE NO ACTION)
ENGINE = InnoDB;


-- -----------------------------------------------------
-- Data for table `mydb`.`Автор`
-- -----------------------------------------------------
START TRANSACTION;
USE `mydb`;
INSERT INTO `mydb`.`Автор` (`idАвтор`, `ФИО`) VALUES (1, 'Александр Сергеевич Пушкин');
INSERT INTO `mydb`.`Автор` (`idАвтор`, `ФИО`) VALUES (2, 'Антон Павлович Чехов');
INSERT INTO `mydb`.`Автор` (`idАвтор`, `ФИО`) VALUES (3, 'Максим Горький');
INSERT INTO `mydb`.`Автор` (`idАвтор`, `ФИО`) VALUES (4, 'Никалай Васильевич Гоголь');
INSERT INTO `mydb`.`Автор` (`idАвтор`, `ФИО`) VALUES (5, 'Лев Николаевич Толстой');
INSERT INTO `mydb`.`Автор` (`idАвтор`, `ФИО`) VALUES (6, 'Федор Михайлович Достоевский');

COMMIT;


-- -----------------------------------------------------
-- Data for table `mydb`.`Факультет`
-- -----------------------------------------------------
START TRANSACTION;
USE `mydb`;
INSERT INTO `mydb`.`Факультет` (`idФакультета`, `Название`) VALUES (1, 'Институт рыбного хозяйства, биологии и природопользования');
INSERT INTO `mydb`.`Факультет` (`idФакультета`, `Название`) VALUES (2, 'Институт морских технологий, энергетики и транспорта');
INSERT INTO `mydb`.`Факультет` (`idФакультета`, `Название`) VALUES (3, 'Институт нефти и газа');
INSERT INTO `mydb`.`Факультет` (`idФакультета`, `Название`) VALUES (4, 'Институт градостроительства');
INSERT INTO `mydb`.`Факультет` (`idФакультета`, `Название`) VALUES (5, 'Институт информационных технологий и коммуникаций');
INSERT INTO `mydb`.`Факультет` (`idФакультета`, `Название`) VALUES (6, 'Институт экономики');

COMMIT;


-- -----------------------------------------------------
-- Data for table `mydb`.`Кафедра`
-- -----------------------------------------------------
START TRANSACTION;
USE `mydb`;
INSERT INTO `mydb`.`Кафедра` (`idКафедры`, `Название`, `idФакультета`) VALUES (1, 'Аквакультура и водные биоресурсы', 1);
INSERT INTO `mydb`.`Кафедра` (`idКафедры`, `Название`, `idФакультета`) VALUES (2, 'Иностранные языки в инженерно-техническом образовании', 2);
INSERT INTO `mydb`.`Кафедра` (`idКафедры`, `Название`, `idФакультета`) VALUES (3, 'Безопасность жизнедеятельности и гидромеханика', 3);
INSERT INTO `mydb`.`Кафедра` (`idКафедры`, `Название`, `idФакультета`) VALUES (4, 'Архитектура', 4);
INSERT INTO `mydb`.`Кафедра` (`idКафедры`, `Название`, `idФакультета`) VALUES (5, 'Автоматизированные системы обработки информации и управления', 5);
INSERT INTO `mydb`.`Кафедра` (`idКафедры`, `Название`, `idФакультета`) VALUES (6, 'Финансы и учет', 6);

COMMIT;


-- -----------------------------------------------------
-- Data for table `mydb`.`Группа`
-- -----------------------------------------------------
START TRANSACTION;
USE `mydb`;
INSERT INTO `mydb`.`Группа` (`idГруппы`, `Название`, `idКафедры`) VALUES (1, 'ДИПРБ_11', 5);
INSERT INTO `mydb`.`Группа` (`idГруппы`, `Название`, `idКафедры`) VALUES (2, 'ДИПРБ_21', 5);
INSERT INTO `mydb`.`Группа` (`idГруппы`, `Название`, `idКафедры`) VALUES (3, 'ДИПРБ_31', 5);
INSERT INTO `mydb`.`Группа` (`idГруппы`, `Название`, `idКафедры`) VALUES (4, 'ДИПРБ_12', 5);
INSERT INTO `mydb`.`Группа` (`idГруппы`, `Название`, `idКафедры`) VALUES (5, 'ДИПРБ_22', 5);
INSERT INTO `mydb`.`Группа` (`idГруппы`, `Название`, `idКафедры`) VALUES (6, 'ДИПРБ_32', 5);

COMMIT;


-- -----------------------------------------------------
-- Data for table `mydb`.`Издальтество`
-- -----------------------------------------------------
START TRANSACTION;
USE `mydb`;
INSERT INTO `mydb`.`Издальтество` (`idИздальтества`, `Название`) VALUES (1, '№1');
INSERT INTO `mydb`.`Издальтество` (`idИздальтества`, `Название`) VALUES (2, '№2');
INSERT INTO `mydb`.`Издальтество` (`idИздальтества`, `Название`) VALUES (3, '№3');
INSERT INTO `mydb`.`Издальтество` (`idИздальтества`, `Название`) VALUES (4, '№4');
INSERT INTO `mydb`.`Издальтество` (`idИздальтества`, `Название`) VALUES (5, '№5');
INSERT INTO `mydb`.`Издальтество` (`idИздальтества`, `Название`) VALUES (6, '№6');

COMMIT;


-- -----------------------------------------------------
-- Data for table `mydb`.`Книга`
-- -----------------------------------------------------
START TRANSACTION;
USE `mydb`;
INSERT INTO `mydb`.`Книга` (`idКниги`, `Название`, `Описание`, `Год издания`, `Цена`, `Кол-во`, `idАвтора`, `idИздательства`) VALUES (1, 'Тарас Бульба', '', '01.02.20', 50, 5, 4, 3);
INSERT INTO `mydb`.`Книга` (`idКниги`, `Название`, `Описание`, `Год издания`, `Цена`, `Кол-во`, `idАвтора`, `idИздательства`) VALUES (2, 'Мёртвые души', '', '02.02.20', 60, 6, 4, 2);
INSERT INTO `mydb`.`Книга` (`idКниги`, `Название`, `Описание`, `Год издания`, `Цена`, `Кол-во`, `idАвтора`, `idИздательства`) VALUES (3, 'Шинель', '', '02.02.10', 40, 4, 4, 1);
INSERT INTO `mydb`.`Книга` (`idКниги`, `Название`, `Описание`, `Год издания`, `Цена`, `Кол-во`, `idАвтора`, `idИздательства`) VALUES (4, 'Преступление и наказание', '', '02.01.20', 50, 5, 6, 4);
INSERT INTO `mydb`.`Книга` (`idКниги`, `Название`, `Описание`, `Год издания`, `Цена`, `Кол-во`, `idАвтора`, `idИздательства`) VALUES (5, 'Братья Карамазовы', '', '01.20.02', 50, 6, 6, 3);
INSERT INTO `mydb`.`Книга` (`idКниги`, `Название`, `Описание`, `Год издания`, `Цена`, `Кол-во`, `idАвтора`, `idИздательства`) VALUES (6, 'Бесы', '', '01.01.01', 40, 4, 6, 2);
INSERT INTO `mydb`.`Книга` (`idКниги`, `Название`, `Описание`, `Год издания`, `Цена`, `Кол-во`, `idАвтора`, `idИздательства`) VALUES (7, 'Война и мир', '', '02.02.02', 60, 6, 5, 3);
INSERT INTO `mydb`.`Книга` (`idКниги`, `Название`, `Описание`, `Год издания`, `Цена`, `Кол-во`, `idАвтора`, `idИздательства`) VALUES (8, 'Анна Каренина', '', '10.10.10', 50, 5, 5, 2);
INSERT INTO `mydb`.`Книга` (`idКниги`, `Название`, `Описание`, `Год издания`, `Цена`, `Кол-во`, `idАвтора`, `idИздательства`) VALUES (9, 'Дама с собачкой', '', '10.01.20', 50, 6, 2, 3);
INSERT INTO `mydb`.`Книга` (`idКниги`, `Название`, `Описание`, `Год издания`, `Цена`, `Кол-во`, `idАвтора`, `idИздательства`) VALUES (10, 'Палата № 6', '', '22.11.11', 40, 4, 2, 2);
INSERT INTO `mydb`.`Книга` (`idКниги`, `Название`, `Описание`, `Год издания`, `Цена`, `Кол-во`, `idАвтора`, `idИздательства`) VALUES (11, 'Крыжовник', '', '11.11.20', 40, 4, 2, 1);
INSERT INTO `mydb`.`Книга` (`idКниги`, `Название`, `Описание`, `Год издания`, `Цена`, `Кол-во`, `idАвтора`, `idИздательства`) VALUES (12, 'Руслан и Людмила', '', '21.12.12', 60, 6, 1, 3);
INSERT INTO `mydb`.`Книга` (`idКниги`, `Название`, `Описание`, `Год издания`, `Цена`, `Кол-во`, `idАвтора`, `idИздательства`) VALUES (13, 'Пиковая дама', '', '12.12.21', 50, 5, 1, 2);
INSERT INTO `mydb`.`Книга` (`idКниги`, `Название`, `Описание`, `Год издания`, `Цена`, `Кол-во`, `idАвтора`, `idИздательства`) VALUES (14, 'Дубровский', '', '21.01.20', 40, 4, 1, 1);

COMMIT;


-- -----------------------------------------------------
-- Data for table `mydb`.`Получатель`
-- -----------------------------------------------------
START TRANSACTION;
USE `mydb`;
INSERT INTO `mydb`.`Получатель` (`idПолучателя`, `ФИО`, `Адрес`, `Телефон`) VALUES (1, 'Измайлов Н. Н.', 'магистральная 47', '79996014435');
INSERT INTO `mydb`.`Получатель` (`idПолучателя`, `ФИО`, `Адрес`, `Телефон`) VALUES (2, 'Иргалиев А.', 'яксатово', NULL);
INSERT INTO `mydb`.`Получатель` (`idПолучателя`, `ФИО`, `Адрес`, `Телефон`) VALUES (3, 'Кузнецов Е.', 'аэропорт', NULL);
INSERT INTO `mydb`.`Получатель` (`idПолучателя`, `ФИО`, `Адрес`, `Телефон`) VALUES (4, 'Лаптев В. В.', NULL, NULL);
INSERT INTO `mydb`.`Получатель` (`idПолучателя`, `ФИО`, `Адрес`, `Телефон`) VALUES (5, 'Толасова В. В.', NULL, NULL);
INSERT INTO `mydb`.`Получатель` (`idПолучателя`, `ФИО`, `Адрес`, `Телефон`) VALUES (6, 'Куркурин Н. Д.', NULL, NULL);

COMMIT;


-- -----------------------------------------------------
-- Data for table `mydb`.`Преподаватель`
-- -----------------------------------------------------
START TRANSACTION;
USE `mydb`;
INSERT INTO `mydb`.`Преподаватель` (`idПолучателя`, `idКафедры`) VALUES (4, 5);
INSERT INTO `mydb`.`Преподаватель` (`idПолучателя`, `idКафедры`) VALUES (5, 5);
INSERT INTO `mydb`.`Преподаватель` (`idПолучателя`, `idКафедры`) VALUES (6, 5);

COMMIT;


-- -----------------------------------------------------
-- Data for table `mydb`.`Студент`
-- -----------------------------------------------------
START TRANSACTION;
USE `mydb`;
INSERT INTO `mydb`.`Студент` (`idПолучателя`, `idГруппы`) VALUES (1, 3);
INSERT INTO `mydb`.`Студент` (`idПолучателя`, `idГруппы`) VALUES (2, 3);
INSERT INTO `mydb`.`Студент` (`idПолучателя`, `idГруппы`) VALUES (3, 3);

COMMIT;


-- -----------------------------------------------------
-- Data for table `mydb`.`Тип`
-- -----------------------------------------------------
START TRANSACTION;
USE `mydb`;
INSERT INTO `mydb`.`Тип` (`idТипа`, `Название`) VALUES (1, 'Книга');
INSERT INTO `mydb`.`Тип` (`idТипа`, `Название`) VALUES (2, 'Справочник');
INSERT INTO `mydb`.`Тип` (`idТипа`, `Название`) VALUES (3, 'Журнал');
INSERT INTO `mydb`.`Тип` (`idТипа`, `Название`) VALUES (4, 'Газета');

COMMIT;


-- -----------------------------------------------------
-- Data for table `mydb`.`Тема`
-- -----------------------------------------------------
START TRANSACTION;
USE `mydb`;
INSERT INTO `mydb`.`Тема` (`idТемы`, `Название`, `idТипа`) VALUES (1, 'Исторический жанр', 1);
INSERT INTO `mydb`.`Тема` (`idТемы`, `Название`, `idТипа`) VALUES (2, 'Роман', 1);
INSERT INTO `mydb`.`Тема` (`idТемы`, `Название`, `idТипа`) VALUES (3, 'Поэма', 1);
INSERT INTO `mydb`.`Тема` (`idТемы`, `Название`, `idТипа`) VALUES (4, 'Сказка', 1);
INSERT INTO `mydb`.`Тема` (`idТемы`, `Название`, `idТипа`) VALUES (5, 'Любовный роман', 1);
INSERT INTO `mydb`.`Тема` (`idТемы`, `Название`, `idТипа`) VALUES (6, 'Философский роман', 1);
INSERT INTO `mydb`.`Тема` (`idТемы`, `Название`, `idТипа`) VALUES (7, 'Военная проза', 1);
INSERT INTO `mydb`.`Тема` (`idТемы`, `Название`, `idТипа`) VALUES (8, 'Реализм', 1);
INSERT INTO `mydb`.`Тема` (`idТемы`, `Название`, `idТипа`) VALUES (9, 'Эротический роман', 1);
INSERT INTO `mydb`.`Тема` (`idТемы`, `Название`, `idТипа`) VALUES (10, 'Драма', 1);
INSERT INTO `mydb`.`Тема` (`idТемы`, `Название`, `idТипа`) VALUES (11, 'Детектив', 1);
INSERT INTO `mydb`.`Тема` (`idТемы`, `Название`, `idТипа`) VALUES (12, 'Криминальный роман', 1);
INSERT INTO `mydb`.`Тема` (`idТемы`, `Название`, `idТипа`) VALUES (13, 'Психологический реализм', 1);
INSERT INTO `mydb`.`Тема` (`idТемы`, `Название`, `idТипа`) VALUES (14, 'Приключенческая литература', 1);
INSERT INTO `mydb`.`Тема` (`idТемы`, `Название`, `idТипа`) VALUES (15, 'Саспенс', 1);
INSERT INTO `mydb`.`Тема` (`idТемы`, `Название`, `idТипа`) VALUES (16, 'Политическая фантастика', 1);
INSERT INTO `mydb`.`Тема` (`idТемы`, `Название`, `idТипа`) VALUES (17, 'Сатира', 1);
INSERT INTO `mydb`.`Тема` (`idТемы`, `Название`, `idТипа`) VALUES (18, 'Пикареска', 1);
INSERT INTO `mydb`.`Тема` (`idТемы`, `Название`, `idТипа`) VALUES (19, 'Новелла', 1);

COMMIT;


-- -----------------------------------------------------
-- Data for table `mydb`.`Выдача`
-- -----------------------------------------------------
START TRANSACTION;
USE `mydb`;
INSERT INTO `mydb`.`Выдача` (`idВыдачи`, `Дата_выдачи`, `Дата_сдачи`, `Признак_возврата`, `Кол-во`, `idПолучателя`) VALUES (1, '01.12.20', '01.04.21', 0, 2, 2);
INSERT INTO `mydb`.`Выдача` (`idВыдачи`, `Дата_выдачи`, `Дата_сдачи`, `Признак_возврата`, `Кол-во`, `idПолучателя`) VALUES (2, '01.09.20', '01.12.20', 1, 3, 5);
INSERT INTO `mydb`.`Выдача` (`idВыдачи`, `Дата_выдачи`, `Дата_сдачи`, `Признак_возврата`, `Кол-во`, `idПолучателя`) VALUES (3, '15.09.20', '03.01.21', 0, 3, 5);
INSERT INTO `mydb`.`Выдача` (`idВыдачи`, `Дата_выдачи`, `Дата_сдачи`, `Признак_возврата`, `Кол-во`, `idПолучателя`) VALUES (4, '10.10.20', '10.02.21', 0, 5, 3);

COMMIT;


-- -----------------------------------------------------
-- Data for table `mydb`.`Список_книг`
-- -----------------------------------------------------
START TRANSACTION;
USE `mydb`;
INSERT INTO `mydb`.`Список_книг` (`idВыдачи`, `idКниги`) VALUES (1, 1);
INSERT INTO `mydb`.`Список_книг` (`idВыдачи`, `idКниги`) VALUES (1, 15);
INSERT INTO `mydb`.`Список_книг` (`idВыдачи`, `idКниги`) VALUES (2, 3);
INSERT INTO `mydb`.`Список_книг` (`idВыдачи`, `idКниги`) VALUES (3, 5);
INSERT INTO `mydb`.`Список_книг` (`idВыдачи`, `idКниги`) VALUES (3, 14);
INSERT INTO `mydb`.`Список_книг` (`idВыдачи`, `idКниги`) VALUES (3, 12);
INSERT INTO `mydb`.`Список_книг` (`idВыдачи`, `idКниги`) VALUES (4, 2);
INSERT INTO `mydb`.`Список_книг` (`idВыдачи`, `idКниги`) VALUES (4, 3);
INSERT INTO `mydb`.`Список_книг` (`idВыдачи`, `idКниги`) VALUES (4, 4);
INSERT INTO `mydb`.`Список_книг` (`idВыдачи`, `idКниги`) VALUES (4, 6);
INSERT INTO `mydb`.`Список_книг` (`idВыдачи`, `idКниги`) VALUES (4, 7);

COMMIT;


-- -----------------------------------------------------
-- Data for table `mydb`.`Список_тем`
-- -----------------------------------------------------
START TRANSACTION;
USE `mydb`;
INSERT INTO `mydb`.`Список_тем` (`idКниги`, `idТемы`) VALUES (1, 5);
INSERT INTO `mydb`.`Список_тем` (`idКниги`, `idТемы`) VALUES (1, 19);
INSERT INTO `mydb`.`Список_тем` (`idКниги`, `idТемы`) VALUES (1, 1);
INSERT INTO `mydb`.`Список_тем` (`idКниги`, `idТемы`) VALUES (2, 2);
INSERT INTO `mydb`.`Список_тем` (`idКниги`, `idТемы`) VALUES (2, 17);
INSERT INTO `mydb`.`Список_тем` (`idКниги`, `idТемы`) VALUES (2, 18);
INSERT INTO `mydb`.`Список_тем` (`idКниги`, `idТемы`) VALUES (3, 17);
INSERT INTO `mydb`.`Список_тем` (`idКниги`, `idТемы`) VALUES (4, 2);
INSERT INTO `mydb`.`Список_тем` (`idКниги`, `idТемы`) VALUES (4, 11);
INSERT INTO `mydb`.`Список_тем` (`idКниги`, `idТемы`) VALUES (4, 12);
INSERT INTO `mydb`.`Список_тем` (`idКниги`, `idТемы`) VALUES (4, 13);
INSERT INTO `mydb`.`Список_тем` (`idКниги`, `idТемы`) VALUES (4, 14);
INSERT INTO `mydb`.`Список_тем` (`idКниги`, `idТемы`) VALUES (4, 6);
INSERT INTO `mydb`.`Список_тем` (`idКниги`, `idТемы`) VALUES (5, 2);
INSERT INTO `mydb`.`Список_тем` (`idКниги`, `idТемы`) VALUES (5, 15);
INSERT INTO `mydb`.`Список_тем` (`idКниги`, `idТемы`) VALUES (5, 6);
INSERT INTO `mydb`.`Список_тем` (`idКниги`, `idТемы`) VALUES (6, 2);
INSERT INTO `mydb`.`Список_тем` (`idКниги`, `idТемы`) VALUES (6, 17);
INSERT INTO `mydb`.`Список_тем` (`idКниги`, `idТемы`) VALUES (6, 13);
INSERT INTO `mydb`.`Список_тем` (`idКниги`, `idТемы`) VALUES (6, 6);
INSERT INTO `mydb`.`Список_тем` (`idКниги`, `idТемы`) VALUES (6, 16);
INSERT INTO `mydb`.`Список_тем` (`idКниги`, `idТемы`) VALUES (7, 2);
INSERT INTO `mydb`.`Список_тем` (`idКниги`, `idТемы`) VALUES (7, 1);
INSERT INTO `mydb`.`Список_тем` (`idКниги`, `idТемы`) VALUES (7, 5);
INSERT INTO `mydb`.`Список_тем` (`idКниги`, `idТемы`) VALUES (7, 6);
INSERT INTO `mydb`.`Список_тем` (`idКниги`, `idТемы`) VALUES (7, 7);
INSERT INTO `mydb`.`Список_тем` (`idКниги`, `idТемы`) VALUES (8, 2);
INSERT INTO `mydb`.`Список_тем` (`idКниги`, `idТемы`) VALUES (8, 5);
INSERT INTO `mydb`.`Список_тем` (`idКниги`, `idТемы`) VALUES (8, 8);
INSERT INTO `mydb`.`Список_тем` (`idКниги`, `idТемы`) VALUES (8, 1);
INSERT INTO `mydb`.`Список_тем` (`idКниги`, `idТемы`) VALUES (9, 9);
INSERT INTO `mydb`.`Список_тем` (`idКниги`, `idТемы`) VALUES (9, 10);
INSERT INTO `mydb`.`Список_тем` (`idКниги`, `idТемы`) VALUES (9, 1);
INSERT INTO `mydb`.`Список_тем` (`idКниги`, `idТемы`) VALUES (10, 19);
INSERT INTO `mydb`.`Список_тем` (`idКниги`, `idТемы`) VALUES (11, 5);
INSERT INTO `mydb`.`Список_тем` (`idКниги`, `idТемы`) VALUES (12, 4);
INSERT INTO `mydb`.`Список_тем` (`idКниги`, `idТемы`) VALUES (12, 3);
INSERT INTO `mydb`.`Список_тем` (`idКниги`, `idТемы`) VALUES (14, 19);
INSERT INTO `mydb`.`Список_тем` (`idКниги`, `idТемы`) VALUES (15, 2);

COMMIT;


SET SQL_MODE=@OLD_SQL_MODE;
SET FOREIGN_KEY_CHECKS=@OLD_FOREIGN_KEY_CHECKS;
SET UNIQUE_CHECKS=@OLD_UNIQUE_CHECKS;
